Frame Number,Time Stamp (ms),Buffer Index
0,-18,0
1,17,0
2,47,0
3,81,0
4,114,0
5,149,0
6,183,0
7,216,0
8,249,0
9,283,0
10,317,0
11,350,0
12,385,0
13,418,0
14,452,0
15,485,0
16,519,0
17,552,0
18,585,0
19,619,0
20,652,0
21,686,0
22,719,0
23,752,0
24,785,0
25,820,0
26,854,0
27,887,0
28,920,0
29,955,0
30,987,0
31,1021,0
32,1056,0
33,1088,0
34,1122,0
35,1156,0
36,1189,0
37,1223,0
38,1257,0
39,1288,0
40,1322,0
41,1356,0
42,1390,0
43,1424,0
44,1458,0
45,1491,0
46,1524,0
47,1559,0
48,1591,0
49,1624,0
50,1659,0
51,1692,0
52,1726,0
53,1761,0
54,1794,0
55,1827,0
56,1861,0
57,1894,0
58,1927,0
59,1961,0
60,1996,0
61,2028,0
62,2062,0
63,2097,0
64,2129,0
65,2164,0
66,2197,0
67,2230,0
68,2264,0
69,2297,0
70,2330,0
71,2365,0
72,2398,0
73,2431,0
74,2466,0
75,2499,0
76,2533,0
77,2565,0
78,2600,0
79,2634,0
80,2667,0
81,2701,0
82,2734,0
83,2767,0
84,2801,0
85,2835,0
86,2868,0
87,2901,0
88,2936,0
89,2968,0
90,3002,0
91,3036,0
92,3069,0
93,3102,0
94,3137,0
95,3169,0
96,3204,0
97,3237,0
98,3270,0
99,3304,0
100,3338,0
101,3371,0
102,3404,0
103,3438,0
104,3471,0
105,3506,0
106,3539,0
107,3572,0
108,3606,0
109,3640,0
110,3673,0
111,3707,0
112,3741,0
113,3773,0
114,3807,0
115,3842,0
116,3874,0
117,3908,0
118,3942,0
119,3975,0
120,4009,0
121,4042,0
122,4077,0
123,4109,0
124,4144,0
125,4177,0
126,4211,0
127,4244,0
128,4279,0
129,4311,0
130,4347,0
131,4379,0
132,4412,0
133,4447,0
134,4479,0
135,4513,0
136,4548,0
137,4580,0
138,4615,0
139,4648,0
140,4682,0
141,4714,0
142,4748,0
143,4783,0
144,4815,0
145,4850,0
146,4883,0
147,4916,0
148,4951,0
149,4983,0
150,5017,0
151,5051,0
152,5084,0
153,5118,0
154,5151,0
155,5185,0
156,5219,0
157,5252,0
158,5286,0
159,5318,0
160,5352,0
161,5386,0
162,5420,0
163,5453,0
164,5487,0
165,5520,0
166,5553,0
167,5587,0
168,5620,0
169,5653,0
170,5688,0
171,5720,0
172,5755,0
173,5788,0
174,5822,0
175,5855,0
176,5889,0
177,5923,0
178,5956,0
179,5990,0
180,6024,0
181,6056,0
182,6089,0
183,6124,0
184,6156,0
185,6191,0
186,6224,0
187,6258,0
188,6292,0
189,6325,0
190,6360,0
191,6392,0
192,6427,0
193,6460,0
194,6493,0
195,6528,0
196,6561,0
197,6595,0
198,6629,0
199,6661,0
200,6696,0
201,6730,0
202,6764,0
203,6796,0
204,6831,0
205,6863,0
206,6897,0
207,6930,0
208,6964,0
209,6998,0
210,7031,0
211,7066,0
212,7098,0
213,7132,0
214,7166,0
215,7200,0
216,7233,0
217,7267,0
218,7300,0
219,7334,0
220,7368,0
221,7401,0
222,7434,0
223,7467,0
224,7501,0
225,7535,0
226,7568,0
227,7602,0
228,7634,0
229,7669,0
230,7702,0
231,7735,0
232,7770,0
233,7802,0
234,7836,0
235,7871,0
236,7902,0
237,7936,0
238,7970,0
239,8004,0
240,8037,0
241,8070,0
242,8105,0
243,8139,0
244,8172,0
245,8207,0
246,8238,0
247,8273,0
248,8306,0
249,8339,0
250,8373,0
251,8407,0
252,8441,0
253,8474,0
254,8508,0
255,8542,0
256,8575,0
257,8608,0
258,8643,0
259,8675,0
260,8710,0
261,8743,0
262,8776,0
263,8811,0
264,8843,0
265,8877,0
266,8912,0
267,8944,0
268,8978,0
269,9012,0
270,9045,0
271,9080,0
272,9113,0
273,9147,0
274,9180,0
275,9213,0
276,9248,0
277,9280,0
278,9314,0
279,9349,0
280,9381,0
281,9415,0
282,9448,0
283,9482,0
284,9516,0
285,9549,0
286,9583,0
287,9616,0
288,9650,0
289,9684,0
290,9717,0
291,9751,0
292,9784,0
293,9818,0
294,9851,0
295,9884,0
296,9919,0
297,9952,0
298,9986,0
299,10019,0
300,10052,0
301,10086,0
302,10119,0
303,10153,0
304,10187,0
305,10219,0
306,10253,0
307,10288,0
308,10321,0
309,10354,0
310,10389,0
311,10421,0
312,10455,0
313,10489,0
314,10521,0
315,10556,0
316,10589,0
317,10623,0
318,10656,0
319,10690,0
320,10724,0
321,10758,0
322,10790,0
323,10825,0
324,10858,0
325,10892,0
326,10925,0
327,10958,0
328,10993,0
329,11026,0
330,11060,0
331,11094,0
332,11126,0
333,11159,0
334,11194,0
335,11228,0
336,11261,0
337,11294,0
338,11330,0
339,11362,0
340,11396,0
341,11430,0
342,11462,0
343,11497,0
344,11530,0
345,11564,0
346,11596,0
347,11631,0
348,11665,0
349,11697,0
350,11732,0
351,11766,0
352,11799,0
353,11833,0
354,11866,0
355,11898,0
356,11933,0
357,11966,0
358,12000,0
359,12033,0
360,12067,0
361,12101,0
362,12135,0
363,12169,0
364,12201,0
365,12235,0
366,12268,0
367,12302,0
368,12336,0
369,12369,0
370,12401,0
371,12435,0
372,12470,0
373,12503,0
374,12536,0
375,12570,0
376,12604,0
377,12636,0
378,12671,0
379,12705,0
380,12737,0
381,12771,0
382,12805,0
383,12838,0
384,12872,0
385,12906,0
386,12939,0
387,12972,0
388,13007,0
389,13040,0
390,13075,0
391,13108,0
392,13140,0
393,13175,0
394,13208,0
395,13242,0
396,13276,0
397,13309,0
398,13343,0
399,13376,0
400,13410,0
401,13443,0
402,13478,0
403,13511,0
404,13545,0
405,13577,0
406,13613,0
407,13645,0
408,13679,0
409,13712,0
410,13746,0
411,13779,0
412,13814,0
413,13846,0
414,13880,0
415,13915,0
416,13949,0
417,13981,0
418,14014,0
419,14048,0
420,14083,0
421,14115,0
422,14149,0
423,14182,0
424,14216,0
425,14250,0
426,14283,0
427,14317,0
428,14350,0
429,14384,0
430,14418,0
431,14450,0
432,14485,0
433,14517,0
434,14552,0
435,14585,0
436,14617,0
437,14652,0
438,14685,0
439,14719,0
440,14753,0
441,14785,0
442,14820,0
443,14853,0
444,14887,0
445,14920,0
446,14953,0
447,14988,0
448,15021,0
449,15055,0
450,15089,0
451,15121,0
452,15156,0
453,15190,0
454,15222,0
455,15257,0
456,15290,0
457,15322,0
458,15357,0
459,15391,0
460,15423,0
461,15458,0
462,15491,0
463,15524,0
464,15559,0
465,15592,0
466,15626,0
467,15659,0
468,15693,0
469,15727,0
470,15759,0
471,15794,0
472,15827,0
473,15860,0
474,15895,0
475,15927,0
476,15961,0
477,15995,0
478,16029,0
479,16064,0
480,16096,0
481,16131,0
482,16163,0
483,16197,0
484,16231,0
485,16263,0
486,16298,0
487,16331,0
488,16365,0
489,16399,0
490,16432,0
491,16466,0
492,16499,0
493,16533,0
494,16567,0
495,16600,0
496,16634,0
497,16667,0
498,16700,0
499,16733,0
500,16767,0
501,16801,0
502,16833,0
503,16867,0
504,16901,0
505,16936,0
506,16968,0
507,17001,0
508,17035,0
509,17069,0
510,17103,0
511,17137,0
512,17169,0
513,17202,0
514,17236,0
515,17271,0
516,17304,0
517,17337,0
518,17371,0
519,17405,0
520,17439,0
521,17472,0
522,17505,0
523,17539,0
524,17572,0
525,17605,0
526,17640,0
527,17672,0
528,17706,0
529,17740,0
530,17773,0
531,17807,0
532,17842,0
533,17876,0
534,17909,0
535,17942,0
536,17976,0
537,18009,0
538,18043,0
539,18077,0
540,18110,0
541,18143,0
542,18177,0
543,18212,0
544,18245,0
545,18278,0
546,18314,0
547,18345,0
548,18379,0
549,18413,0
550,18446,0
551,18481,0
552,18514,0
553,18547,0
554,18581,0
555,18614,0
556,18648,0
557,18682,0
558,18715,0
559,18748,0
560,18782,0
561,18816,0
562,18850,0
563,18883,0
564,18916,0
565,18949,0
566,18984,0
567,19017,0
568,19051,0
569,19083,0
570,19118,0
571,19150,0
572,19183,0
573,19218,0
574,19251,0
575,19285,0
576,19318,0
577,19352,0
578,19385,0
579,19419,0
580,19453,0
581,19486,0
582,19520,0
583,19554,0
584,19586,0
585,19620,0
586,19654,0
587,19687,0
588,19722,0
589,19754,0
590,19788,0
591,19823,0
592,19855,0
593,19889,0
594,19923,0
595,19955,0
596,19989,0
597,20024,0
598,20058,0
599,20091,0
600,20124,0
601,20159,0
602,20191,0
603,20226,0
604,20259,0
605,20292,0
606,20326,0
607,20360,0
608,20393,0
609,20426,0
610,20460,0
611,20494,0
612,20528,0
613,20561,0
614,20596,0
615,20629,0
616,20662,0
617,20697,0
618,20729,0
619,20764,0
620,20797,0
621,20830,0
622,20864,0
623,20897,0
624,20931,0
625,20965,0
626,20998,0
627,21032,0
628,21065,0
629,21098,0
630,21133,0
631,21166,0
632,21200,0
633,21233,0
634,21266,0
635,21300,0
636,21333,0
637,21367,0
638,21401,0
639,21433,0
640,21468,0
641,21500,0
642,21535,0
643,21568,0
644,21601,0
645,21636,0
646,21668,0
647,21702,0
648,21736,0
649,21769,0
650,21803,0
651,21836,0
652,21870,0
653,21903,0
654,21937,0
655,21970,0
656,22006,0
657,22037,0
658,22071,0
659,22105,0
660,22139,0
661,22172,0
662,22205,0
663,22240,0
664,22272,0
665,22306,0
666,22340,0
667,22373,0
668,22406,0
669,22441,0
670,22474,0
671,22507,0
672,22542,0
673,22575,0
674,22610,0
675,22642,0
676,22676,0
677,22709,0
678,22743,0
679,22778,0
680,22810,0
681,22845,0
682,22878,0
683,22911,0
684,22946,0
685,22979,0
686,23011,0
687,23046,0
688,23080,0
689,23113,0
690,23146,0
691,23180,0
692,23213,0
693,23247,0
694,23282,0
695,23314,0
696,23348,0
697,23382,0
698,23415,0
699,23449,0
700,23482,0
701,23516,0
702,23549,0
703,23582,0
704,23617,0
705,23649,0
706,23683,0
707,23717,0
708,23749,0
709,23783,0
710,23817,0
711,23851,0
712,23884,0
713,23918,0
714,23951,0
715,23985,0
716,24019,0
717,24052,0
718,24086,0
719,24119,0
720,24153,0
721,24187,0
722,24219,0
723,24253,0
724,24288,0
725,24321,0
726,24354,0
727,24387,0
728,24422,0
729,24455,0
730,24488,0
731,24523,0
732,24556,0
733,24589,0
734,24623,0
735,24656,0
736,24690,0
737,24724,0
738,24759,0
739,24791,0
740,24825,0
741,24858,0
742,24892,0
743,24925,0
744,24959,0
745,24992,0
746,25027,0
747,25060,0
748,25093,0
749,25127,0
750,25160,0
751,25194,0
752,25229,0
753,25262,0
754,25294,0
755,25328,0
756,25362,0
757,25395,0
758,25430,0
759,25463,0
760,25498,0
761,25531,0
762,25563,0
763,25597,0
764,25631,0
765,25664,0
766,25699,0
767,25731,0
768,25766,0
769,25798,0
770,25832,0
771,25865,0
772,25899,0
773,25933,0
774,25966,0
775,26000,0
776,26033,0
777,26066,0
778,26101,0
779,26134,0
780,26168,0
781,26201,0
782,26234,0
783,26269,0
784,26300,0
785,26335,0
786,26369,0
787,26401,0
788,26436,0
789,26469,0
790,26503,0
791,26537,0
792,26569,0
793,26604,0
794,26637,0
795,26670,0
796,26705,0
797,26738,0
798,26771,0
799,26805,0
800,26838,0
801,26872,0
802,26905,0
803,26941,0
804,26972,0
805,27006,0
806,27041,0
807,27075,0
808,27108,0
809,27142,0
810,27175,0
811,27209,0
812,27242,0
813,27275,0
814,27311,0
815,27343,0
816,27376,0
817,27411,0
818,27444,0
819,27477,0
820,27512,0
821,27544,0
822,27578,0
823,27612,0
824,27645,0
825,27679,0
826,27712,0
827,27746,0
828,27779,0
829,27814,0
830,27847,0
831,27881,0
832,27914,0
833,27948,0
834,27982,0
835,28015,0
836,28047,0
837,28082,0
838,28115,0
839,28148,0
840,28182,0
841,28216,0
842,28249,0
843,28283,0
844,28316,0
845,28350,0
846,28382,0
847,28416,0
848,28451,0
849,28483,0
850,28517,0
851,28551,0
852,28585,0
853,28618,0
854,28652,0
855,28685,0
856,28719,0
857,28752,0
858,28787,0
859,28819,0
860,28852,0
861,28887,0
862,28920,0
863,28953,0
864,28987,0
865,29021,0
866,29054,0
867,29088,0
868,29122,0
869,29155,0
870,29188,0
871,29223,0
872,29255,0
873,29290,0
874,29324,0
875,29356,0
876,29391,0
877,29425,0
878,29457,0
879,29492,0
880,29525,0
881,29558,0
882,29593,0
883,29625,0
884,29659,0
885,29693,0
886,29727,0
887,29760,0
888,29794,0
889,29828,0
890,29860,0
891,29895,0
892,29929,0
893,29962,0
894,29995,0
895,30029,0
896,30063,0
897,30097,0
898,30130,0
899,30164,0
900,30197,0
901,30230,0
902,30264,0
903,30298,0
904,30332,0
905,30364,0
906,30398,0
907,30433,0
908,30465,0
909,30498,0
910,30532,0
911,30565,0
912,30599,0
913,30632,0
914,30666,0
915,30699,0
916,30734,0
917,30767,0
918,30800,0
919,30833,0
920,30867,0
921,30900,0
922,30934,0
923,30969,0
924,31002,0
925,31036,0
926,31070,0
927,31103,0
928,31135,0
929,31170,0
930,31203,0
931,31237,0
932,31270,0
933,31305,0
934,31337,0
935,31371,0
936,31404,0
937,31438,0
938,31472,0
939,31506,0
940,31538,0
941,31573,0
942,31607,0
943,31639,0
944,31674,0
945,31707,0
946,31740,0
947,31775,0
948,31807,0
949,31841,0
950,31875,0
951,31909,0
952,31942,0
953,31976,0
954,32010,0
955,32042,0
956,32078,0
957,32111,0
958,32144,0
959,32177,0
960,32212,0
961,32245,0
962,32278,0
963,32312,0
964,32345,0
965,32379,0
966,32413,0
967,32447,0
968,32480,0
969,32513,0
970,32547,0
971,32581,0
972,32614,0
973,32648,0
974,32681,0
975,32715,0
976,32749,0
977,32781,0
978,32816,0
979,32849,0
980,32882,0
981,32915,0
982,32949,0
983,32983,0
984,33016,0
985,33050,0
986,33083,0
987,33116,0
988,33151,0
989,33184,0
990,33216,0
991,33252,0
992,33284,0
993,33318,0
994,33352,0
995,33385,0
996,33419,0
997,33452,0
998,33487,0
999,33520,0
1000,33552,0
1001,33587,0
1002,33619,0
1003,33654,0
1004,33688,0
1005,33720,0
1006,33755,0
1007,33788,0
1008,33822,0
1009,33857,0
1010,33888,0
1011,33923,0
1012,33957,0
1013,33990,0
1014,34024,0
1015,34058,0
1016,34091,0
1017,34125,0
1018,34158,0
1019,34192,0
1020,34226,0
1021,34259,0
1022,34293,0
1023,34327,0
1024,34360,0
1025,34394,0
1026,34426,0
1027,34460,0
1028,34495,0
1029,34527,0
1030,34562,0
1031,34595,0
1032,34628,0
1033,34663,0
1034,34697,0
1035,34730,0
1036,34763,0
1037,34797,0
1038,34830,0
1039,34863,0
1040,34898,0
1041,34931,0
1042,34965,0
1043,34998,0
1044,35031,0
1045,35064,0
1046,35098,0
1047,35131,0
1048,35165,0
1049,35199,0
1050,35233,0
1051,35265,0
1052,35299,0
1053,35333,0
1054,35366,0
1055,35400,0
1056,35434,0
1057,35467,0
1058,35500,0
1059,35534,0
1060,35568,0
1061,35601,0
1062,35635,0
1063,35668,0
1064,35701,0
1065,35736,0
1066,35768,0
1067,35803,0
1068,35836,0
1069,35870,0
1070,35903,0
1071,35938,0
1072,35971,0
1073,36004,0
1074,36039,0
1075,36072,0
1076,36104,0
1077,36139,0
1078,36171,0
1079,36206,0
1080,36239,0
1081,36273,0
1082,36306,0
1083,36341,0
1084,36374,0
1085,36408,0
1086,36441,0
1087,36475,0
1088,36508,0
1089,36541,0
1090,36576,0
1091,36608,0
1092,36643,0
1093,36676,0
1094,36710,0
1095,36743,0
1096,36776,0
1097,36811,0
1098,36844,0
1099,36878,0
1100,36911,0
1101,36945,0
1102,36979,0
1103,37013,0
1104,37047,0
1105,37079,0
1106,37113,0
1107,37146,0
1108,37181,0
1109,37213,0
1110,37246,0
1111,37280,0
1112,37314,0
1113,37347,0
1114,37381,0
1115,37414,0
1116,37448,0
1117,37482,0
1118,37514,0
1119,37549,0
1120,37583,0
1121,37615,0
1122,37649,0
1123,37682,0
1124,37717,0
1125,37750,0
1126,37785,0
1127,37816,0
1128,37851,0
1129,37883,0
1130,37918,0
1131,37952,0
1132,37985,0
1133,38018,0
1134,38053,0
1135,38086,0
1136,38120,0
1137,38153,0
1138,38187,0
1139,38220,0
1140,38253,0
1141,38286,0
1142,38322,0
1143,38354,0
1144,38388,0
1145,38421,0
1146,38455,0
1147,38489,0
1148,38522,0
1149,38557,0
1150,38589,0
1151,38623,0
1152,38657,0
1153,38691,0
1154,38723,0
1155,38758,0
1156,38793,0
1157,38824,0
1158,38860,0
1159,38892,0
1160,38926,0
1161,38959,0
1162,38993,0
1163,39026,0
1164,39059,0
1165,39094,0
1166,39129,0
1167,39161,0
1168,39194,0
1169,39228,0
1170,39261,0
1171,39296,0
1172,39329,0
1173,39362,0
1174,39397,0
1175,39430,0
1176,39463,0
1177,39497,0
1178,39530,0
1179,39564,0
1180,39597,0
1181,39631,0
1182,39663,0
1183,39698,0
1184,39731,0
1185,39764,0
1186,39799,0
1187,39830,0
1188,39865,0
1189,39899,0
1190,39932,0
1191,39966,0
1192,39999,0
1193,40033,0
1194,40066,0
1195,40099,0
1196,40134,0
1197,40167,0
1198,40201,0
1199,40235,0
1200,40267,0
1201,40302,0
1202,40336,0
1203,40368,0
1204,40403,0
1205,40435,0
1206,40469,0
1207,40502,0
1208,40537,0
1209,40570,0
1210,40603,0
1211,40637,0
1212,40670,0
1213,40704,0
1214,40739,0
1215,40772,0
1216,40805,0
1217,40839,0
1218,40872,0
1219,40906,0
1220,40940,0
1221,40973,0
1222,41006,0
1223,41040,0
1224,41075,0
1225,41108,0
1226,41142,0
1227,41176,0
1228,41209,0
1229,41242,0
1230,41277,0
1231,41309,0
1232,41343,0
1233,41377,0
1234,41409,0
1235,41444,0
1236,41477,0
1237,41511,0
1238,41546,0
1239,41577,0
1240,41612,0
1241,41645,0
1242,41679,0
1243,41713,0
1244,41746,0
1245,41780,0
1246,41814,0
1247,41846,0
1248,41879,0
1249,41913,0
1250,41947,0
1251,41981,0
1252,42014,0
1253,42048,0
1254,42080,0
1255,42115,0
1256,42147,0
1257,42182,0
1258,42216,0
1259,42248,0
1260,42282,0
1261,42316,0
1262,42349,0
1263,42384,0
1264,42417,0
1265,42450,0
1266,42485,0
1267,42518,0
1268,42551,0
1269,42585,0
1270,42618,0
1271,42651,0
1272,42686,0
1273,42719,0
1274,42752,0
1275,42786,0
1276,42820,0
1277,42853,0
1278,42887,0
1279,42920,0
1280,42953,0
1281,42987,0
1282,43022,0
1283,43054,0
1284,43088,0
1285,43122,0
1286,43156,0
1287,43189,0
1288,43223,0
1289,43256,0
1290,43289,0
1291,43323,0
1292,43359,0
1293,43390,0
1294,43424,0
1295,43458,0
1296,43491,0
1297,43526,0
1298,43559,0
1299,43592,0
1300,43626,0
1301,43659,0
1302,43694,0
1303,43727,0
1304,43761,0
1305,43793,0
1306,43827,0
1307,43861,0
1308,43895,0
1309,43929,0
1310,43962,0
1311,43995,0
1312,44029,0
1313,44062,0
1314,44096,0
1315,44130,0
1316,44163,0
1317,44197,0
1318,44230,0
1319,44264,0
1320,44297,0
1321,44330,0
1322,44364,0
1323,44398,0
1324,44431,0
1325,44465,0
1326,44498,0
1327,44531,0
1328,44566,0
1329,44599,0
1330,44632,0
1331,44666,0
1332,44699,0
1333,44734,0
1334,44767,0
1335,44799,0
1336,44833,0
1337,44868,0
1338,44901,0
1339,44934,0
1340,44968,0
1341,45002,0
1342,45036,0
1343,45069,0
1344,45103,0
1345,45136,0
1346,45169,0
1347,45204,0
1348,45236,0
1349,45269,0
1350,45304,0
1351,45338,0
1352,45371,0
1353,45405,0
1354,45439,0
1355,45472,0
1356,45507,0
1357,45539,0
1358,45572,0
1359,45606,0
1360,45642,0
1361,45674,0
1362,45708,0
1363,45741,0
1364,45774,0
1365,45808,0
1366,45842,0
1367,45876,0
1368,45910,0
1369,45943,0
1370,45975,0
1371,46011,0
1372,46043,0
1373,46077,0
1374,46111,0
1375,46144,0
1376,46179,0
1377,46211,0
1378,46246,0
1379,46279,0
1380,46313,0
1381,46346,0
1382,46379,0
1383,46412,0
1384,46446,0
1385,46480,0
1386,46514,0
1387,46546,0
1388,46581,0
1389,46614,0
1390,46647,0
1391,46681,0
1392,46713,0
1393,46748,0
1394,46781,0
1395,46814,0
1396,46849,0
1397,46882,0
1398,46916,0
1399,46950,0
1400,46982,0
1401,47016,0
1402,47050,0
1403,47083,0
1404,47116,0
1405,47150,0
1406,47184,0
1407,47217,0
1408,47250,0
1409,47285,0
1410,47319,0
1411,47351,0
1412,47386,0
1413,47418,0
1414,47452,0
1415,47487,0
1416,47520,0
1417,47553,0
1418,47586,0
1419,47621,0
1420,47654,0
1421,47688,0
1422,47721,0
1423,47754,0
1424,47789,0
1425,47823,0
1426,47856,0
1427,47891,0
1428,47924,0
1429,47956,0
1430,47992,0
1431,48023,0
1432,48058,0
1433,48092,0
1434,48125,0
1435,48158,0
1436,48192,0
1437,48226,0
1438,48260,0
1439,48293,0
1440,48327,0
1441,48360,0
1442,48393,0
1443,48428,0
1444,48461,0
1445,48495,0
1446,48529,0
1447,48561,0
1448,48595,0
1449,48628,0
1450,48662,0
1451,48695,0
1452,48729,0
1453,48763,0
1454,48796,0
1455,48829,0
1456,48864,0
1457,48897,0
1458,48930,0
1459,48964,0
1460,48997,0
1461,49031,0
1462,49064,0
1463,49097,0
1464,49132,0
1465,49164,0
1466,49198,0
1467,49233,0
1468,49266,0
1469,49298,0
1470,49332,0
1471,49367,0
1472,49399,0
1473,49434,0
1474,49468,0
1475,49500,0
1476,49534,0
1477,49569,0
1478,49601,0
1479,49634,0
1480,49668,0
1481,49701,0
1482,49735,0
1483,49769,0
1484,49804,0
1485,49836,0
1486,49869,0
1487,49905,0
1488,49937,0
1489,49970,0
1490,50005,0
1491,50038,0
1492,50074,0
1493,50105,0
1494,50139,0
1495,50173,0
1496,50206,0
1497,50240,0
1498,50274,0
1499,50308,0
1500,50340,0
1501,50374,0
1502,50409,0
1503,50441,0
1504,50475,0
1505,50509,0
1506,50542,0
1507,50576,0
1508,50609,0
1509,50642,0
1510,50677,0
1511,50710,0
1512,50744,0
1513,50776,0
1514,50812,0
1515,50846,0
1516,50878,0
1517,50912,0
1518,50945,0
1519,50979,0
1520,51013,0
1521,51045,0
1522,51079,0
1523,51113,0
1524,51146,0
1525,51179,0
1526,51213,0
1527,51247,0
1528,51280,0
1529,51314,0
1530,51348,0
1531,51380,0
1532,51414,0
1533,51448,0
1534,51482,0
1535,51515,0
1536,51548,0
1537,51582,0
1538,51616,0
1539,51650,0
1540,51682,0
1541,51715,0
1542,51750,0
1543,51784,0
1544,51816,0
1545,51850,0
1546,51884,0
1547,51917,0
1548,51951,0
1549,51986,0
1550,52018,0
1551,52053,0
1552,52087,0
1553,52119,0
1554,52154,0
1555,52187,0
1556,52220,0
1557,52254,0
1558,52288,0
1559,52320,0
1560,52355,0
1561,52388,0
1562,52421,0
1563,52456,0
1564,52490,0
1565,52522,0
1566,52557,0
1567,52590,0
1568,52623,0
1569,52657,0
1570,52692,0
1571,52725,0
1572,52757,0
1573,52792,0
1574,52825,0
1575,52859,0
1576,52894,0
1577,52925,0
1578,52960,0
1579,52994,0
1580,53027,0
1581,53061,0
1582,53094,0
1583,53128,0
1584,53161,0
1585,53195,0
1586,53229,0
1587,53262,0
1588,53295,0
1589,53329,0
1590,53360,0
1591,53395,0
1592,53430,0
1593,53462,0
1594,53496,0
1595,53529,0
1596,53563,0
1597,53596,0
1598,53630,0
1599,53664,0
1600,53697,0
1601,53731,0
1602,53764,0
1603,53798,0
1604,53832,0
1605,53864,0
1606,53898,0
1607,53933,0
1608,53965,0
1609,53999,0
1610,54033,0
1611,54066,0
1612,54100,0
1613,54133,0
1614,54168,0
1615,54201,0
1616,54234,0
1617,54268,0
1618,54301,0
1619,54335,0
1620,54369,0
1621,54402,0
1622,54437,0
1623,54470,0
1624,54503,0
1625,54538,0
1626,54571,0
1627,54604,0
1628,54640,0
1629,54671,0
1630,54705,0
1631,54738,0
1632,54772,0
1633,54807,0
1634,54839,0
1635,54874,0
1636,54907,0
1637,54939,0
1638,54975,0
1639,55007,0
1640,55041,0
1641,55074,0
1642,55107,0
1643,55143,0
1644,55174,0
1645,55209,0
1646,55242,0
1647,55276,0
1648,55310,0
1649,55343,0
1650,55376,0
1651,55411,0
1652,55445,0
1653,55477,0
1654,55511,0
1655,55544,0
1656,55578,0
1657,55611,0
1658,55646,0
1659,55678,0
1660,55713,0
1661,55745,0
1662,55779,0
1663,55813,0
1664,55845,0
1665,55879,0
1666,55914,0
1667,55946,0
1668,55980,0
1669,56014,0
1670,56048,0
1671,56081,0
1672,56114,0
1673,56148,0
1674,56182,0
1675,56216,0
1676,56249,0
1677,56282,0
1678,56316,0
1679,56350,0
1680,56382,0
1681,56416,0
1682,56450,0
1683,56484,0
1684,56518,0
1685,56552,0
1686,56584,0
1687,56619,0
1688,56652,0
1689,56685,0
1690,56720,0
1691,56752,0
1692,56786,0
1693,56821,0
1694,56853,0
1695,56886,0
1696,56920,0
1697,56955,0
1698,56988,0
1699,57020,0
1700,57055,0
1701,57088,0
1702,57122,0
1703,57156,0
1704,57189,0
1705,57223,0
1706,57256,0
1707,57292,0
1708,57324,0
1709,57357,0
1710,57392,0
1711,57425,0
1712,57458,0
1713,57492,0
1714,57526,0
1715,57559,0
1716,57592,0
1717,57627,0
1718,57660,0
1719,57694,0
1720,57728,0
1721,57760,0
1722,57794,0
1723,57828,0
1724,57861,0
1725,57895,0
1726,57927,0
1727,57962,0
1728,57995,0
1729,58029,0
1730,58063,0
1731,58095,0
1732,58130,0
1733,58163,0
1734,58197,0
1735,58230,0
1736,58262,0
1737,58297,0
1738,58330,0
1739,58364,0
1740,58397,0
1741,58431,0
1742,58464,0
1743,58497,0
1744,58532,0
1745,58565,0
1746,58599,0
1747,58633,0
1748,58666,0
1749,58700,0
1750,58733,0
1751,58767,0
1752,58800,0
1753,58834,0
1754,58867,0
1755,58902,0
1756,58935,0
1757,58968,0
1758,59003,0
1759,59035,0
1760,59069,0
1761,59102,0
1762,59138,0
1763,59170,0
1764,59203,0
1765,59237,0
1766,59271,0
1767,59304,0
1768,59338,0
1769,59372,0
1770,59406,0
1771,59439,0
1772,59472,0
1773,59505,0
1774,59541,0
1775,59573,0
1776,59606,0
1777,59641,0
1778,59675,0
1779,59708,0
1780,59741,0
1781,59776,0
1782,59808,0
1783,59842,0
1784,59876,0
1785,59909,0
1786,59943,0
1787,59977,0
1788,60010,0
1789,60044,0
1790,60077,0
1791,60111,0
1792,60144,0
1793,60178,0
1794,60211,0
1795,60244,0
1796,60278,0
1797,60311,0
1798,60345,0
1799,60379,0
1800,60412,0
1801,60445,0
1802,60479,0
1803,60513,0
1804,60546,0
1805,60579,0
1806,60614,0
1807,60647,0
1808,60679,0
1809,60715,0
1810,60747,0
1811,60781,0
1812,60815,0
1813,60847,0
1814,60883,0
1815,60916,0
1816,60949,0
1817,60983,0
1818,61016,0
1819,61050,0
1820,61084,0
1821,61117,0
1822,61151,0
1823,61184,0
1824,61218,0
1825,61251,0
1826,61285,0
1827,61319,0
1828,61353,0
1829,61385,0
1830,61420,0
1831,61452,0
1832,61487,0
1833,61521,0
1834,61553,0
1835,61587,0
1836,61622,0
1837,61655,0
1838,61688,0
1839,61721,0
1840,61756,0
1841,61790,0
1842,61822,0
1843,61857,0
1844,61889,0
1845,61924,0
1846,61958,0
1847,61991,0
1848,62025,0
1849,62058,0
1850,62092,0
1851,62125,0
1852,62159,0
1853,62192,0
1854,62226,0
1855,62259,0
1856,62293,0
1857,62327,0
1858,62361,0
1859,62393,0
1860,62427,0
1861,62461,0
1862,62494,0
1863,62528,0
1864,62561,0
1865,62595,0
1866,62628,0
1867,62661,0
1868,62695,0
1869,62728,0
1870,62761,0
1871,62796,0
1872,62828,0
1873,62862,0
1874,62897,0
1875,62929,0
1876,62964,0
1877,62997,0
1878,63030,0
1879,63065,0
1880,63098,0
1881,63131,0
1882,63165,0
1883,63199,0
1884,63232,0
1885,63266,0
1886,63299,0
1887,63332,0
1888,63366,0
1889,63400,0
1890,63432,0
1891,63467,0
1892,63501,0
1893,63534,0
1894,63567,0
1895,63602,0
1896,63635,0
1897,63668,0
1898,63702,0
1899,63736,0
1900,63769,0
1901,63803,0
1902,63837,0
1903,63871,0
1904,63904,0
1905,63938,0
1906,63971,0
1907,64005,0
1908,64039,0
1909,64072,0
1910,64107,0
1911,64139,0
1912,64173,0
1913,64207,0
1914,64240,0
1915,64274,0
1916,64308,0
1917,64340,0
1918,64373,0
1919,64408,0
1920,64442,0
1921,64475,0
1922,64510,0
1923,64542,0
1924,64576,0
1925,64610,0
1926,64644,0
1927,64676,0
1928,64710,0
1929,64743,0
1930,64777,0
1931,64810,0
1932,64844,0
1933,64876,0
1934,64911,0
1935,64946,0
1936,64977,0
1937,65011,0
1938,65045,0
1939,65079,0
1940,65112,0
1941,65145,0
1942,65180,0
1943,65213,0
1944,65247,0
1945,65281,0
1946,65314,0
1947,65348,0
1948,65381,0
1949,65414,0
1950,65448,0
1951,65482,0
1952,65514,0
1953,65549,0
1954,65581,0
1955,65615,0
1956,65649,0
1957,65683,0
1958,65716,0
1959,65750,0
1960,65784,0
1961,65817,0
1962,65851,0
1963,65885,0
1964,65917,0
1965,65951,0
1966,65985,0
1967,66019,0
1968,66052,0
1969,66086,0
1970,66120,0
1971,66153,0
1972,66186,0
1973,66221,0
1974,66255,0
1975,66288,0
1976,66322,0
1977,66355,0
1978,66390,0
1979,66422,0
1980,66455,0
1981,66490,0
1982,66522,0
1983,66556,0
1984,66592,0
1985,66624,0
1986,66658,0
1987,66690,0
1988,66725,0
1989,66758,0
1990,66793,0
1991,66826,0
1992,66860,0
1993,66892,0
1994,66926,0
1995,66958,0
1996,66993,0
1997,67027,0
1998,67061,0
1999,67094,0
2000,67126,0
2001,67161,0
2002,67194,0
2003,67227,0
2004,67261,0
2005,67294,0
2006,67328,0
2007,67362,0
2008,67394,0
2009,67429,0
2010,67463,0
2011,67495,0
2012,67530,0
2013,67562,0
2014,67596,0
2015,67631,0
2016,67663,0
2017,67698,0
2018,67731,0
2019,67764,0
2020,67798,0
2021,67831,0
2022,67865,0
2023,67898,0
2024,67932,0
2025,67966,0
2026,67999,0
2027,68032,0
2028,68068,0
2029,68100,0
2030,68133,0
2031,68167,0
2032,68202,0
2033,68234,0
2034,68267,0
2035,68303,0
2036,68334,0
2037,68369,0
2038,68404,0
2039,68436,0
2040,68470,0
2041,68504,0
2042,68537,0
2043,68572,0
2044,68604,0
2045,68637,0
2046,68673,0
2047,68704,0
2048,68739,0
2049,68772,0
2050,68806,0
2051,68840,0
2052,68873,0
2053,68908,0
2054,68940,0
2055,68973,0
2056,69009,0
2057,69041,0
2058,69076,0
2059,69108,0
2060,69141,0
2061,69175,0
2062,69208,0
2063,69242,0
2064,69276,0
2065,69310,0
2066,69344,0
2067,69376,0
2068,69410,0
2069,69444,0
2070,69477,0
2071,69512,0
2072,69544,0
2073,69578,0
2074,69611,0
2075,69645,0
2076,69678,0
2077,69712,0
2078,69746,0
2079,69778,0
2080,69813,0
2081,69846,0
2082,69879,0
2083,69913,0
2084,69947,0
2085,69980,0
2086,70014,0
2087,70048,0
2088,70081,0
2089,70114,0
2090,70149,0
2091,70182,0
2092,70215,0
2093,70249,0
2094,70282,0
2095,70316,0
2096,70350,0
2097,70383,0
2098,70417,0
2099,70450,0
2100,70484,0
2101,70517,0
2102,70551,0
2103,70586,0
2104,70618,0
2105,70652,0
2106,70686,0
2107,70719,0
2108,70753,0
2109,70786,0
2110,70820,0
2111,70854,0
2112,70888,0
2113,70920,0
2114,70955,0
2115,70989,0
2116,71021,0
2117,71056,0
2118,71089,0
2119,71122,0
2120,71156,0
2121,71190,0
2122,71223,0
2123,71257,0
2124,71291,0
2125,71324,0
2126,71357,0
2127,71391,0
2128,71425,0
2129,71458,0
2130,71492,0
2131,71525,0
2132,71559,0
2133,71593,0
2134,71626,0
2135,71660,0
2136,71692,0
2137,71727,0
2138,71760,0
2139,71794,0
2140,71828,0
2141,71860,0
2142,71895,0
2143,71927,0
2144,71961,0
2145,71995,0
2146,72029,0
2147,72062,0
2148,72096,0
2149,72128,0
2150,72162,0
2151,72195,0
2152,72230,0
2153,72264,0
2154,72296,0
2155,72331,0
2156,72364,0
2157,72397,0
2158,72432,0
2159,72464,0
2160,72497,0
2161,72532,0
2162,72565,0
2163,72599,0
2164,72632,0
2165,72666,0
2166,72700,0
2167,72734,0
2168,72767,0
2169,72801,0
2170,72835,0
2171,72868,0
2172,72901,0
2173,72935,0
2174,72969,0
2175,73001,0
2176,73036,0
2177,73070,0
2178,73102,0
2179,73137,0
2180,73170,0
2181,73203,0
2182,73237,0
2183,73271,0
2184,73304,0
2185,73338,0
2186,73373,0
2187,73406,0
2188,73439,0
2189,73474,0
2190,73505,0
2191,73541,0
2192,73574,0
2193,73606,0
2194,73641,0
2195,73675,0
2196,73708,0
2197,73742,0
2198,73775,0
2199,73809,0
2200,73841,0
2201,73875,0
2202,73909,0
2203,73942,0
2204,73976,0
2205,74010,0
2206,74043,0
2207,74077,0
2208,74109,0
2209,74143,0
2210,74177,0
2211,74211,0
2212,74244,0
2213,74277,0
2214,74311,0
2215,74345,0
2216,74379,0
2217,74413,0
2218,74445,0
2219,74479,0
2220,74513,0
2221,74546,0
2222,74580,0
2223,74614,0
2224,74647,0
2225,74680,0
2226,74714,0
2227,74747,0
2228,74782,0
2229,74815,0
2230,74849,0
2231,74881,0
2232,74915,0
2233,74950,0
2234,74983,0
2235,75016,0
2236,75050,0
2237,75083,0
2238,75118,0
2239,75151,0
2240,75185,0
2241,75218,0
2242,75251,0
2243,75285,0
2244,75319,0
2245,75352,0
2246,75387,0
2247,75419,0
2248,75454,0
2249,75486,0
2250,75520,0
2251,75555,0
2252,75588,0
2253,75621,0
2254,75655,0
2255,75689,0
2256,75722,0
2257,75755,0
2258,75790,0
2259,75823,0
2260,75857,0
2261,75890,0
2262,75923,0
2263,75959,0
2264,75991,0
2265,76024,0
2266,76058,0
2267,76091,0
2268,76125,0
2269,76159,0
2270,76192,0
2271,76225,0
2272,76258,0
2273,76292,0
2274,76326,0
2275,76360,0
2276,76393,0
2277,76426,0
2278,76460,0
2279,76494,0
2280,76527,0
2281,76561,0
2282,76595,0
2283,76627,0
2284,76661,0
2285,76695,0
2286,76728,0
2287,76762,0
2288,76796,0
2289,76829,0
2290,76863,0
2291,76897,0
2292,76930,0
2293,76964,0
2294,76996,0
2295,77031,0
2296,77064,0
2297,77098,0
2298,77132,0
2299,77164,0
2300,77198,0
2301,77232,0
2302,77265,0
2303,77300,0
2304,77333,0
2305,77366,0
2306,77401,0
2307,77433,0
2308,77467,0
2309,77501,0
2310,77535,0
2311,77568,0
2312,77603,0
2313,77636,0
2314,77668,0
2315,77703,0
2316,77736,0
2317,77769,0
2318,77803,0
2319,77837,0
2320,77871,0
2321,77904,0
2322,77938,0
2323,77971,0
2324,78005,0
2325,78038,0
2326,78073,0
2327,78105,0
2328,78139,0
2329,78173,0
2330,78207,0
2331,78240,0
2332,78274,0
2333,78308,0
2334,78341,0
2335,78375,0
2336,78408,0
2337,78442,0
2338,78476,0
2339,78509,0
2340,78542,0
2341,78575,0
2342,78609,0
2343,78644,0
2344,78676,0
2345,78710,0
2346,78743,0
2347,78777,0
2348,78810,0
2349,78843,0
2350,78878,0
2351,78911,0
2352,78944,0
2353,78979,0
2354,79011,0
2355,79045,0
2356,79078,0
2357,79112,0
2358,79145,0
2359,79178,0
2360,79213,0
2361,79247,0
2362,79279,0
2363,79315,0
2364,79347,0
2365,79381,0
2366,79415,0
2367,79447,0
2368,79482,0
2369,79515,0
2370,79548,0
2371,79582,0
2372,79615,0
2373,79649,0
2374,79683,0
2375,79717,0
2376,79750,0
2377,79783,0
2378,79817,0
2379,79851,0
2380,79885,0
2381,79919,0
2382,79952,0
2383,79985,0
2384,80020,0
2385,80052,0
2386,80085,0
2387,80121,0
2388,80153,0
2389,80186,0
2390,80220,0
2391,80255,0
2392,80289,0
2393,80322,0
2394,80356,0
2395,80389,0
2396,80422,0
2397,80457,0
2398,80489,0
2399,80525,0
2400,80556,0
2401,80590,0
2402,80624,0
2403,80657,0
2404,80691,0
2405,80724,0
2406,80758,0
2407,80792,0
2408,80825,0
2409,80859,0
2410,80892,0
2411,80926,0
2412,80960,0
2413,80992,0
2414,81026,0
2415,81061,0
2416,81094,0
2417,81126,0
2418,81161,0
2419,81194,0
2420,81226,0
2421,81260,0
2422,81295,0
2423,81327,0
2424,81361,0
2425,81395,0
2426,81428,0
2427,81462,0
2428,81497,0
2429,81529,0
2430,81563,0
2431,81597,0
2432,81630,0
2433,81664,0
2434,81697,0
2435,81731,0
2436,81764,0
2437,81797,0
2438,81831,0
2439,81865,0
2440,81898,0
2441,81931,0
2442,81965,0
2443,82001,0
2444,82033,0
2445,82066,0
2446,82102,0
2447,82134,0
2448,82168,0
2449,82202,0
2450,82235,0
2451,82270,0
2452,82303,0
2453,82335,0
2454,82369,0
2455,82403,0
2456,82438,0
2457,82469,0
2458,82504,0
2459,82538,0
2460,82570,0
2461,82605,0
2462,82638,0
2463,82672,0
2464,82706,0
2465,82739,0
2466,82773,0
2467,82806,0
2468,82840,0
2469,82875,0
2470,82907,0
2471,82941,0
2472,82974,0
2473,83008,0
2474,83040,0
2475,83075,0
2476,83108,0
2477,83141,0
2478,83175,0
2479,83209,0
2480,83243,0
2481,83276,0
2482,83308,0
2483,83342,0
2484,83376,0
2485,83409,0
2486,83443,0
2487,83477,0
2488,83510,0
2489,83544,0
2490,83578,0
2491,83611,0
2492,83645,0
2493,83679,0
2494,83711,0
2495,83745,0
2496,83779,0
2497,83812,0
2498,83846,0
2499,83879,0
2500,83913,0
2501,83947,0
2502,83980,0
2503,84014,0
2504,84047,0
2505,84081,0
2506,84115,0
2507,84148,0
2508,84183,0
2509,84215,0
2510,84248,0
2511,84283,0
2512,84316,0
2513,84350,0
2514,84384,0
2515,84417,0
2516,84451,0
2517,84485,0
2518,84518,0
2519,84551,0
2520,84586,0
2521,84619,0
2522,84652,0
2523,84685,0
2524,84720,0
2525,84753,0
2526,84788,0
2527,84821,0
2528,84855,0
2529,84888,0
2530,84922,0
2531,84955,0
2532,84989,0
2533,85023,0
2534,85055,0
2535,85089,0
2536,85123,0
2537,85156,0
2538,85190,0
2539,85223,0
2540,85257,0
2541,85291,0
2542,85324,0
2543,85358,0
2544,85390,0
2545,85425,0
2546,85458,0
2547,85490,0
2548,85525,0
2549,85559,0
2550,85592,0
2551,85626,0
2552,85659,0
2553,85693,0
2554,85726,0
2555,85760,0
2556,85793,0
2557,85827,0
2558,85862,0
2559,85893,0
2560,85928,0
2561,85962,0
2562,85995,0
2563,86029,0
2564,86061,0
2565,86095,0
2566,86130,0
2567,86162,0
2568,86196,0
2569,86231,0
2570,86263,0
2571,86297,0
2572,86330,0
2573,86364,0
2574,86397,0
2575,86431,0
2576,86465,0
2577,86498,0
2578,86532,0
2579,86566,0
2580,86598,0
2581,86633,0
2582,86666,0
2583,86700,0
2584,86734,0
2585,86767,0
2586,86801,0
2587,86834,0
2588,86867,0
2589,86902,0
2590,86935,0
2591,86969,0
2592,87004,0
2593,87036,0
2594,87071,0
2595,87104,0
2596,87137,0
2597,87171,0
2598,87204,0
2599,87238,0
2600,87272,0
2601,87305,0
2602,87339,0
2603,87371,0
2604,87406,0
2605,87440,0
2606,87472,0
2607,87506,0
2608,87540,0
2609,87574,0
2610,87609,0
2611,87641,0
2612,87675,0
2613,87707,0
2614,87741,0
2615,87774,0
2616,87808,0
2617,87842,0
2618,87874,0
2619,87909,0
2620,87943,0
2621,87976,0
2622,88009,0
2623,88044,0
2624,88076,0
2625,88111,0
2626,88143,0
2627,88177,0
2628,88211,0
2629,88243,0
2630,88277,0
2631,88312,0
2632,88345,0
2633,88379,0
2634,88412,0
2635,88446,0
2636,88479,0
2637,88512,0
2638,88546,0
2639,88580,0
2640,88613,0
2641,88648,0
2642,88681,0
2643,88713,0
2644,88748,0
2645,88780,0
2646,88815,0
2647,88849,0
2648,88883,0
2649,88915,0
2650,88949,0
2651,88984,0
2652,89017,0
2653,89049,0
2654,89085,0
2655,89117,0
2656,89152,0
2657,89185,0
2658,89217,0
2659,89252,0
2660,89285,0
2661,89319,0
2662,89354,0
2663,89386,0
2664,89420,0
2665,89454,0
2666,89487,0
2667,89520,0
2668,89554,0
2669,89588,0
2670,89621,0
2671,89655,0
2672,89689,0
2673,89722,0
2674,89756,0
2675,89790,0
2676,89823,0
2677,89856,0
2678,89890,0
2679,89924,0
2680,89957,0
2681,89991,0
2682,90024,0
2683,90058,0
2684,90091,0
2685,90124,0
2686,90159,0
2687,90192,0
2688,90225,0
2689,90259,0
2690,90292,0
2691,90325,0
2692,90359,0
2693,90394,0
2694,90426,0
2695,90459,0
2696,90495,0
2697,90527,0
2698,90561,0
2699,90594,0
2700,90627,0
2701,90662,0
2702,90695,0
2703,90728,0
2704,90762,0
2705,90795,0
2706,90830,0
2707,90862,0
2708,90896,0
2709,90930,0
2710,90963,0
2711,90997,0
2712,91031,0
2713,91064,0
2714,91098,0
2715,91130,0
2716,91165,0
2717,91199,0
2718,91232,0
2719,91266,0
2720,91299,0
2721,91334,0
2722,91367,0
2723,91400,0
2724,91434,0
2725,91468,0
2726,91501,0
2727,91535,0
2728,91569,0
2729,91603,0
2730,91637,0
2731,91669,0
2732,91703,0
2733,91737,0
2734,91770,0
2735,91803,0
2736,91837,0
2737,91871,0
2738,91905,0
2739,91937,0
2740,91971,0
2741,92006,0
2742,92039,0
2743,92072,0
2744,92106,0
2745,92140,0
2746,92174,0
2747,92207,0
2748,92240,0
2749,92273,0
2750,92308,0
2751,92340,0
2752,92375,0
2753,92408,0
2754,92440,0
2755,92475,0
2756,92508,0
2757,92542,0
2758,92575,0
2759,92608,0
2760,92642,0
2761,92676,0
2762,92708,0
2763,92743,0
2764,92777,0
2765,92809,0
2766,92843,0
2767,92877,0
2768,92911,0
2769,92944,0
2770,92977,0
2771,93012,0
2772,93044,0
2773,93079,0
2774,93112,0
2775,93145,0
2776,93179,0
2777,93212,0
2778,93247,0
2779,93280,0
2780,93314,0
2781,93347,0
2782,93381,0
2783,93414,0
2784,93449,0
2785,93481,0
2786,93516,0
2787,93549,0
2788,93582,0
2789,93616,0
2790,93649,0
2791,93683,0
2792,93718,0
2793,93750,0
2794,93784,0
2795,93818,0
2796,93852,0
2797,93885,0
2798,93918,0
2799,93953,0
2800,93987,0
2801,94019,0
2802,94054,0
2803,94087,0
2804,94120,0
2805,94154,0
2806,94187,0
2807,94221,0
2808,94254,0
2809,94288,0
2810,94323,0
2811,94355,0
2812,94389,0
2813,94423,0
2814,94456,0
2815,94490,0
2816,94522,0
2817,94557,0
2818,94590,0
2819,94625,0
2820,94657,0
2821,94690,0
2822,94725,0
2823,94758,0
2824,94791,0
2825,94824,0
2826,94858,0
2827,94892,0
2828,94925,0
2829,94958,0
2830,94992,0
2831,95026,0
2832,95059,0
2833,95093,0
2834,95126,0
2835,95160,0
2836,95195,0
2837,95227,0
2838,95260,0
2839,95295,0
2840,95328,0
2841,95361,0
2842,95395,0
2843,95430,0
2844,95462,0
2845,95496,0
2846,95530,0
2847,95563,0
2848,95597,0
2849,95631,0
2850,95663,0
2851,95698,0
2852,95732,0
2853,95765,0
2854,95799,0
2855,95831,0
2856,95865,0
2857,95900,0
2858,95932,0
2859,95966,0
2860,96000,0
2861,96034,0
2862,96067,0
2863,96100,0
2864,96136,0
2865,96168,0
2866,96202,0
2867,96236,0
2868,96269,0
2869,96303,0
2870,96336,0
2871,96370,0
2872,96404,0
2873,96436,0
2874,96471,0
2875,96504,0
2876,96539,0
2877,96571,0
2878,96605,0
2879,96638,0
2880,96672,0
2881,96706,0
2882,96739,0
2883,96772,0
2884,96806,0
2885,96839,0
2886,96873,0
2887,96907,0
2888,96941,0
2889,96974,0
2890,97007,0
2891,97041,0
2892,97074,0
2893,97107,0
2894,97140,0
2895,97175,0
2896,97209,0
2897,97242,0
2898,97275,0
2899,97309,0
2900,97342,0
2901,97376,0
2902,97410,0
2903,97444,0
2904,97477,0
2905,97510,0
2906,97543,0
2907,97577,0
2908,97612,0
2909,97645,0
2910,97678,0
2911,97712,0
2912,97745,0
2913,97778,0
2914,97813,0
2915,97846,0
2916,97880,0
2917,97913,0
2918,97946,0
2919,97980,0
2920,98013,0
2921,98048,0
2922,98082,0
2923,98114,0
2924,98148,0
2925,98182,0
2926,98215,0
2927,98249,0
2928,98284,0
2929,98317,0
2930,98350,0
2931,98384,0
2932,98417,0
2933,98452,0
2934,98485,0
2935,98519,0
2936,98551,0
2937,98585,0
2938,98619,0
2939,98653,0
2940,98687,0
2941,98720,0
2942,98754,0
2943,98787,0
2944,98820,0
2945,98855,0
2946,98889,0
2947,98922,0
2948,98955,0
2949,98988,0
2950,99022,0
2951,99056,0
2952,99089,0
2953,99123,0
2954,99155,0
2955,99190,0
2956,99223,0
2957,99257,0
2958,99291,0
2959,99323,0
2960,99358,0
2961,99391,0
2962,99424,0
2963,99458,0
2964,99491,0
2965,99524,0
2966,99559,0
2967,99591,0
2968,99625,0
2969,99659,0
2970,99692,0
2971,99725,0
2972,99758,0
2973,99794,0
2974,99827,0
2975,99860,0
2976,99895,0
2977,99927,0
2978,99962,0
2979,99995,0
2980,100028,0
2981,100062,0
2982,100096,0
2983,100129,0
2984,100162,0
2985,100196,0
2986,100228,0
2987,100264,0
2988,100297,0
2989,100330,0
2990,100364,0
2991,100399,0
2992,100431,0
2993,100465,0
2994,100499,0
2995,100532,0
2996,100565,0
2997,100601,0
2998,100633,0
2999,100666,0
3000,100700,0
3001,100734,0
3002,100767,0
3003,100801,0
3004,100835,0
3005,100868,0
3006,100902,0
3007,100936,0
3008,100969,0
3009,101003,0
3010,101037,0
3011,101070,0
3012,101104,0
3013,101137,0
3014,101170,0
3015,101205,0
3016,101237,0
3017,101271,0
3018,101305,0
3019,101338,0
3020,101372,0
3021,101406,0
3022,101439,0
3023,101472,0
3024,101506,0
3025,101540,0
3026,101573,0
3027,101606,0
3028,101640,0
3029,101674,0
3030,101708,0
3031,101741,0
3032,101774,0
3033,101807,0
3034,101842,0
3035,101874,0
3036,101907,0
3037,101942,0
3038,101977,0
3039,102008,0
3040,102042,0
3041,102077,0
3042,102109,0
3043,102144,0
3044,102177,0
3045,102210,0
3046,102245,0
3047,102278,0
3048,102312,0
3049,102345,0
3050,102378,0
3051,102412,0
3052,102445,0
3053,102479,0
3054,102512,0
3055,102546,0
3056,102581,0
3057,102614,0
3058,102646,0
3059,102682,0
3060,102714,0
3061,102748,0
3062,102783,0
3063,102815,0
3064,102849,0
3065,102883,0
3066,102916,0
3067,102949,0
3068,102983,0
3069,103017,0
3070,103050,0
3071,103084,0
3072,103119,0
3073,103151,0
3074,103185,0
3075,103218,0
3076,103252,0
3077,103286,0
3078,103320,0
3079,103353,0
3080,103386,0
3081,103421,0
3082,103454,0
3083,103487,0
3084,103521,0
3085,103554,0
3086,103588,0
3087,103621,0
3088,103656,0
3089,103689,0
3090,103722,0
3091,103756,0
3092,103788,0
3093,103823,0
3094,103856,0
3095,103889,0
3096,103924,0
3097,103956,0
3098,103990,0
3099,104024,0
3100,104057,0
3101,104091,0
3102,104124,0
3103,104157,0
3104,104191,0
3105,104225,0
3106,104259,0
3107,104292,0
3108,104325,0
3109,104359,0
3110,104393,0
3111,104427,0
3112,104460,0
3113,104492,0
3114,104528,0
3115,104561,0
3116,104593,0
3117,104628,0
3118,104661,0
3119,104695,0
3120,104728,0
3121,104763,0
3122,104796,0
3123,104829,0
3124,104864,0
3125,104896,0
3126,104931,0
3127,104964,0
3128,104998,0
3129,105031,0
3130,105064,0
3131,105098,0
3132,105132,0
3133,105165,0
3134,105199,0
3135,105232,0
3136,105265,0
3137,105300,0
3138,105334,0
3139,105366,0
3140,105401,0
3141,105434,0
3142,105468,0
3143,105501,0
3144,105535,0
3145,105569,0
3146,105603,0
3147,105636,0
3148,105671,0
3149,105703,0
3150,105736,0
3151,105770,0
3152,105804,0
3153,105838,0
3154,105871,0
3155,105904,0
3156,105939,0
3157,105972,0
3158,106005,0
3159,106038,0
3160,106072,0
3161,106106,0
3162,106139,0
3163,106173,0
3164,106206,0
3165,106240,0
3166,106273,0
3167,106306,0
3168,106341,0
3169,106373,0
3170,106407,0
3171,106441,0
3172,106474,0
3173,106509,0
3174,106542,0
3175,106575,0
3176,106610,0
3177,106642,0
3178,106676,0
3179,106710,0
3180,106742,0
3181,106777,0
3182,106810,0
3183,106844,0
3184,106877,0
3185,106911,0
3186,106945,0
3187,106978,0
3188,107011,0
3189,107046,0
3190,107077,0
3191,107112,0
3192,107146,0
3193,107179,0
3194,107212,0
3195,107247,0
3196,107281,0
3197,107313,0
3198,107347,0
3199,107382,0
3200,107415,0
3201,107447,0
3202,107483,0
3203,107515,0
3204,107551,0
3205,107584,0
3206,107615,0
3207,107651,0
3208,107683,0
3209,107717,0
3210,107752,0
3211,107784,0
3212,107819,0
3213,107852,0
3214,107885,0
3215,107919,0
3216,107952,0
3217,107987,0
3218,108020,0
3219,108053,0
3220,108087,0
3221,108120,0
3222,108154,0
3223,108188,0
3224,108221,0
3225,108255,0
3226,108288,0
3227,108321,0
3228,108354,0
3229,108387,0
3230,108423,0
3231,108455,0
3232,108489,0
3233,108523,0
3234,108555,0
3235,108590,0
3236,108623,0
3237,108657,0
3238,108691,0
3239,108723,0
3240,108757,0
3241,108791,0
3242,108824,0
3243,108858,0
3244,108892,0
3245,108925,0
3246,108960,0
3247,108992,0
3248,109027,0
3249,109059,0
3250,109093,0
3251,109127,0
3252,109160,0
3253,109193,0
3254,109228,0
3255,109261,0
3256,109294,0
3257,109329,0
3258,109362,0
3259,109395,0
3260,109430,0
3261,109463,0
3262,109495,0
3263,109530,0
3264,109564,0
3265,109597,0
3266,109631,0
3267,109664,0
3268,109697,0
3269,109732,0
3270,109765,0
3271,109799,0
3272,109832,0
3273,109866,0
3274,109899,0
3275,109934,0
3276,109967,0
3277,109999,0
3278,110035,0
3279,110067,0
3280,110101,0
3281,110135,0
3282,110169,0
3283,110202,0
3284,110236,0
3285,110269,0
3286,110303,0
3287,110337,0
3288,110369,0
3289,110404,0
3290,110436,0
3291,110471,0
3292,110505,0
3293,110538,0
3294,110571,0
3295,110604,0
3296,110638,0
3297,110672,0
3298,110706,0
3299,110738,0
3300,110772,0
3301,110806,0
3302,110839,0
3303,110873,0
3304,110907,0
3305,110940,0
3306,110974,0
3307,111006,0
3308,111040,0
3309,111074,0
3310,111106,0
3311,111141,0
3312,111175,0
3313,111208,0
3314,111242,0
3315,111274,0
3316,111309,0
3317,111343,0
3318,111375,0
3319,111410,0
3320,111444,0
3321,111477,0
3322,111511,0
3323,111544,0
3324,111577,0
3325,111611,0
3326,111645,0
3327,111678,0
3328,111712,0
3329,111747,0
3330,111780,0
3331,111813,0
3332,111846,0
3333,111880,0
3334,111914,0
3335,111947,0
3336,111980,0
3337,112014,0
3338,112048,0
3339,112081,0
3340,112116,0
3341,112149,0
3342,112182,0
3343,112217,0
3344,112249,0
3345,112283,0
3346,112317,0
3347,112351,0
3348,112384,0
3349,112417,0
3350,112452,0
3351,112485,0
3352,112518,0
3353,112553,0
3354,112584,0
3355,112620,0
3356,112653,0
3357,112686,0
3358,112721,0
3359,112753,0
3360,112788,0
3361,112821,0
3362,112854,0
3363,112888,0
3364,112921,0
3365,112955,0
3366,112989,0
3367,113021,0
3368,113056,0
3369,113088,0
3370,113122,0
3371,113156,0
3372,113189,0
3373,113223,0
3374,113257,0
3375,113290,0
3376,113323,0
3377,113356,0
3378,113391,0
3379,113424,0
3380,113457,0
3381,113492,0
3382,113525,0
3383,113558,0
3384,113593,0
3385,113625,0
3386,113659,0
3387,113692,0
3388,113726,0
3389,113759,0
3390,113793,0
3391,113827,0
3392,113861,0
3393,113894,0
3394,113928,0
3395,113961,0
3396,113995,0
3397,114029,0
3398,114062,0
3399,114097,0
3400,114129,0
3401,114163,0
3402,114197,0
3403,114230,0
3404,114263,0
3405,114298,0
3406,114331,0
3407,114364,0
3408,114399,0
3409,114433,0
3410,114466,0
3411,114498,0
3412,114534,0
3413,114566,0
3414,114600,0
3415,114634,0
3416,114667,0
3417,114702,0
3418,114735,0
3419,114768,0
3420,114801,0
3421,114835,0
3422,114869,0
3423,114903,0
3424,114935,0
3425,114970,0
3426,115003,0
3427,115037,0
3428,115071,0
3429,115104,0
3430,115137,0
3431,115170,0
3432,115204,0
3433,115237,0
3434,115271,0
3435,115305,0
3436,115338,0
3437,115371,0
3438,115405,0
3439,115438,0
3440,115472,0
3441,115505,0
3442,115539,0
3443,115574,0
3444,115606,0
3445,115639,0
3446,115673,0
3447,115706,0
3448,115740,0
3449,115774,0
3450,115807,0
3451,115842,0
3452,115875,0
3453,115908,0
3454,115942,0
3455,115975,0
3456,116009,0
3457,116043,0
3458,116076,0
3459,116111,0
3460,116144,0
3461,116177,0
3462,116211,0
3463,116244,0
3464,116279,0
3465,116311,0
3466,116344,0
3467,116379,0
3468,116412,0
3469,116446,0
3470,116480,0
3471,116513,0
3472,116547,0
3473,116580,0
3474,116614,0
3475,116647,0
3476,116680,0
3477,116716,0
3478,116748,0
3479,116782,0
3480,116816,0
3481,116849,0
3482,116883,0
3483,116916,0
3484,116950,0
3485,116983,0
3486,117017,0
3487,117052,0
3488,117085,0
3489,117119,0
3490,117151,0
3491,117185,0
3492,117220,0
3493,117252,0
3494,117286,0
3495,117320,0
3496,117353,0
3497,117387,0
3498,117420,0
3499,117453,0
3500,117487,0
3501,117521,0
3502,117554,0
3503,117586,0
3504,117622,0
3505,117654,0
3506,117688,0
3507,117721,0
3508,117755,0
3509,117789,0
3510,117822,0
3511,117856,0
3512,117889,0
3513,117922,0
3514,117957,0
3515,117990,0
3516,118024,0
3517,118057,0
3518,118090,0
3519,118124,0
3520,118158,0
3521,118191,0
3522,118224,0
3523,118259,0
3524,118292,0
3525,118326,0
3526,118359,0
3527,118393,0
3528,118427,0
3529,118461,0
3530,118494,0
3531,118527,0
3532,118562,0
3533,118594,0
3534,118628,0
3535,118662,0
3536,118695,0
3537,118729,0
3538,118762,0
3539,118796,0
3540,118830,0
3541,118863,0
3542,118897,0
3543,118930,0
3544,118964,0
3545,118998,0
3546,119031,0
3547,119064,0
3548,119099,0
3549,119131,0
3550,119165,0
3551,119200,0
3552,119232,0
3553,119267,0
3554,119300,0
3555,119333,0
3556,119367,0
3557,119401,0
3558,119435,0
3559,119468,0
3560,119502,0
3561,119535,0
3562,119568,0
3563,119602,0
3564,119636,0
3565,119669,0
3566,119703,0
3567,119737,0
3568,119770,0
3569,119804,0
3570,119837,0
3571,119870,0
3572,119903,0
3573,119938,0
3574,119971,0
3575,120005,0
3576,120038,0
3577,120071,0
3578,120105,0
3579,120139,0
3580,120172,0
3581,120206,0
3582,120240,0
3583,120272,0
3584,120307,0
3585,120339,0
3586,120375,0
3587,120407,0
3588,120441,0
3589,120475,0
3590,120507,0
3591,120542,0
3592,120575,0
3593,120609,0
3594,120642,0
3595,120675,0
3596,120709,0
3597,120744,0
3598,120775,0
3599,120810,0
3600,120844,0
3601,120878,0
3602,120911,0
3603,120943,0
3604,120979,0
3605,121012,0
3606,121045,0
3607,121079,0
3608,121112,0
3609,121146,0
3610,121180,0
3611,121213,0
3612,121246,0
3613,121281,0
3614,121314,0
3615,121348,0
3616,121381,0
3617,121416,0
3618,121448,0
3619,121482,0
3620,121517,0
3621,121550,0
3622,121583,0
3623,121618,0
3624,121650,0
3625,121684,0
3626,121717,0
3627,121751,0
3628,121784,0
3629,121817,0
3630,121853,0
3631,121885,0
3632,121919,0
3633,121953,0
3634,121986,0
3635,122020,0
3636,122052,0
3637,122087,0
3638,122121,0
3639,122153,0
3640,122187,0
3641,122221,0
3642,122254,0
3643,122287,0
3644,122321,0
3645,122355,0
3646,122388,0
3647,122421,0
3648,122456,0
3649,122488,0
3650,122523,0
3651,122556,0
3652,122590,0
3653,122624,0
3654,122657,0
3655,122690,0
3656,122725,0
3657,122756,0
3658,122791,0
3659,122825,0
3660,122857,0
3661,122891,0
3662,122925,0
3663,122958,0
3664,122993,0
3665,123025,0
3666,123060,0
3667,123092,0
3668,123127,0
3669,123160,0
3670,123194,0
3671,123226,0
3672,123261,0
3673,123294,0
3674,123329,0
3675,123362,0
3676,123396,0
3677,123428,0
3678,123462,0
3679,123496,0
3680,123529,0
3681,123564,0
3682,123599,0
3683,123630,0
3684,123666,0
3685,123698,0
3686,123731,0
3687,123767,0
3688,123799,0
3689,123833,0
3690,123866,0
3691,123899,0
3692,123934,0
3693,123967,0
3694,124000,0
3695,124033,0
3696,124068,0
3697,124102,0
3698,124134,0
3699,124167,0
3700,124202,0
3701,124236,0
3702,124269,0
3703,124302,0
3704,124336,0
3705,124368,0
3706,124403,0
3707,124437,0
3708,124469,0
3709,124503,0
3710,124536,0
3711,124570,0
3712,124604,0
3713,124637,0
3714,124670,0
3715,124705,0
3716,124738,0
3717,124771,0
3718,124806,0
3719,124840,0
3720,124872,0
3721,124907,0
3722,124939,0
3723,124973,0
3724,125007,0
3725,125040,0
3726,125073,0
3727,125108,0
3728,125142,0
3729,125174,0
3730,125208,0
3731,125242,0
3732,125275,0
3733,125308,0
3734,125342,0
3735,125375,0
3736,125409,0
3737,125442,0
3738,125476,0
3739,125509,0
3740,125544,0
3741,125577,0
3742,125609,0
3743,125644,0
3744,125678,0
3745,125712,0
3746,125746,0
3747,125780,0
3748,125813,0
3749,125846,0
3750,125881,0
3751,125913,0
3752,125948,0
3753,125981,0
3754,126014,0
3755,126048,0
3756,126081,0
3757,126115,0
3758,126149,0
3759,126182,0
3760,126216,0
3761,126251,0
3762,126284,0
3763,126317,0
3764,126351,0
3765,126385,0
3766,126418,0
3767,126451,0
3768,126485,0
3769,126519,0
3770,126552,0
3771,126585,0
3772,126619,0
3773,126653,0
3774,126687,0
3775,126719,0
3776,126754,0
3777,126788,0
